UDI,Product ID,Type,Air temperature [K],Process temperature [K],Rotational speed [rpm],Torque [Nm],Tool wear [min],Machine failure,TWF,HDF,PWF,OSF,RNF
51,L47230,L,298.9,309.1,2861,4.6,143,1,0,0,1,0,0
70,L47249,L,298.9,309.0,1410,65.7,191,1,0,0,1,1,0
78,L47257,L,298.8,308.9,1455,41.3,208,1,1,0,0,0,0
161,L47340,L,298.4,308.2,1282,60.7,216,1,0,0,0,1,0
162,L47341,L,298.3,308.1,1412,52.3,218,1,0,0,0,1,0
169,L47348,L,298.4,308.3,1433,62.3,20,1,0,0,1,0,0
195,M15054,M,298.2,308.5,2678,10.7,86,1,0,0,1,0,0
208,M15067,M,298.4,308.7,1421,60.7,119,1,0,0,1,0,0
243,L47422,L,298.0,308.2,1348,58.8,202,1,0,0,0,1,0
249,L47428,L,298.0,308.3,1362,56.8,216,1,0,0,0,1,0
250,L47429,L,298.0,308.3,1405,56.2,218,1,0,0,0,1,0
260,M15119,M,298.1,308.2,1420,63.9,19,1,0,0,1,0,0
328,L47507,L,297.7,308.5,1373,56.7,203,1,0,0,0,1,0
381,L47560,L,297.5,308.3,2564,12.8,127,1,0,0,1,0,0
443,L47622,L,297.4,308.5,1399,61.5,61,1,0,0,1,0,0
464,L47643,L,297.4,308.7,2874,4.2,118,1,0,0,1,0,0
587,L47766,L,297.6,309.6,1501,49.8,222,1,0,0,0,1,0
604,L47783,L,297.9,309.8,1336,71.6,31,1,0,0,1,0,0
747,L47926,L,296.8,308.1,1289,62.0,199,1,0,0,0,1,0
848,L48027,L,296.4,307.4,2833,5.6,213,1,0,0,1,0,0
881,M15740,M,295.8,306.3,1235,76.2,89,1,0,0,1,0,0
904,L48083,L,295.7,306.2,2270,14.6,149,1,0,0,1,0,0
927,L48106,L,295.6,306.1,1372,55.6,215,1,0,0,0,1,0
1017,M15876,M,296.3,307.2,1319,68.3,24,1,0,0,1,0,0
1086,L48265,L,297.0,307.8,1385,56.4,202,1,0,0,0,1,0
1088,H30501,H,296.9,307.8,1549,35.8,206,1,1,0,0,0,0
1096,L48275,L,296.9,307.5,2721,9.3,18,1,0,0,1,0,0
1124,H30537,H,296.6,307.7,1386,62.3,100,1,0,0,1,0,0
1125,M15984,M,296.7,307.8,1258,69.0,105,1,0,0,1,0,0
1145,L48324,L,297.0,307.9,1296,69.1,153,1,0,0,1,0,0
1162,L48341,L,297.0,307.8,1316,61.2,200,1,0,0,0,1,0
1163,L48342,L,296.9,307.8,1400,57.1,202,1,0,0,0,1,0
1168,L48347,L,297.0,308.1,1362,52.5,213,1,0,0,0,1,0
1285,L48464,L,298.4,309.5,2153,15.3,98,1,0,0,1,0,0
1325,M16184,M,298.8,310.1,1243,74.5,194,1,0,0,1,1,0
1335,L48514,L,299.0,310.4,1365,49.1,226,1,0,0,0,1,0
1336,L48515,L,299.0,310.4,1371,53.8,228,1,0,0,0,1,0
1392,L48571,L,298.9,310.2,2737,8.8,142,1,0,0,1,0,0
1420,L48599,L,298.7,309.8,1354,53.3,212,1,0,0,0,1,0
1438,H30851,H,298.8,309.9,1439,45.2,40,1,0,0,0,0,0
1493,M16352,M,298.0,308.7,1479,58.5,176,1,0,0,1,0,0
1497,L48676,L,298.0,308.7,1268,69.4,189,1,0,0,1,1,0
1510,L48689,L,298.0,308.5,1429,37.7,220,1,1,0,0,0,0
1584,L48763,L,298.2,308.4,1310,61.0,189,1,0,0,0,1,0
1596,L48775,L,298.0,308.2,1365,52.9,218,1,0,0,0,1,0
1683,H31096,H,297.9,307.4,1604,36.1,225,1,1,0,0,0,0
1764,L48943,L,298.2,307.6,1511,31.0,209,1,1,0,0,0,0
1785,L48964,L,298.3,308.0,2886,3.8,57,1,0,0,1,0,0
1790,L48969,L,298.2,307.9,1313,67.3,67,1,0,0,1,0,0
1809,L48988,L,298.1,307.7,2567,12.8,125,1,0,0,1,0,0
1834,L49013,L,297.8,307.3,1327,61.0,186,1,0,0,0,1,0
1997,M16856,M,298.4,308.0,1416,38.2,198,1,1,0,0,0,0
2016,L49195,L,298.5,308.2,1301,66.3,42,1,0,0,1,0,0
2076,L49255,L,299.5,309.4,1390,58.8,195,1,0,0,0,1,0
2126,L49305,L,299.3,308.9,1258,69.4,119,1,0,0,1,0,0
2167,M17026,M,299.6,309.2,1867,23.4,225,1,1,0,0,0,0
2234,L49413,L,299.5,308.7,2549,13.0,179,1,0,0,1,0,0
2245,M17104,M,299.3,308.4,1542,37.5,203,1,1,0,0,0,0
2300,L49479,L,299.4,308.7,1446,62.9,134,1,0,0,1,0,0
2332,L49511,L,299.3,308.6,1384,53.6,218,1,0,0,0,1,0
2333,L49512,L,299.2,308.5,1378,50.4,220,1,0,0,0,1,0
2427,M17286,M,298.9,308.2,1372,63.6,30,1,0,0,1,0,0
2445,L49624,L,299.2,308.6,1267,68.2,76,1,0,0,1,0,0
2495,L49674,L,299.1,308.8,1329,53.6,207,1,0,0,0,1,0
2503,L49682,L,299.2,309.0,1515,48.9,228,1,0,0,0,1,0
2582,L49761,L,299.2,309.1,1345,60.7,191,1,0,0,0,1,0
2599,L49778,L,299.1,308.8,1320,67.5,20,1,0,0,1,0,0
2672,M17531,M,299.7,309.3,1399,41.9,221,1,1,0,0,0,0
2750,M17609,M,299.7,309.2,1685,28.9,179,1,0,0,0,0,0
2762,L49941,L,299.8,309.3,1299,65.1,212,1,0,0,0,1,0
2859,L50038,L,300.5,309.3,1417,51.5,231,1,0,0,0,1,0
2865,H32278,H,300.6,309.4,1380,47.6,246,1,1,0,0,0,0
2880,M17739,M,300.6,309.4,1367,63.2,45,1,0,0,1,0,0
2942,M17801,M,300.7,309.6,1996,19.8,203,1,1,0,0,0,0
3001,H32414,H,300.5,309.8,1324,72.8,159,1,0,0,1,0,0
3020,L50199,L,300.5,309.8,1379,54.2,207,1,0,0,0,1,0
3141,H32554,H,300.4,309.9,2563,12.8,81,1,0,0,1,0,0
3237,M18096,M,300.8,309.4,1342,62.4,113,1,0,1,0,0,0
3267,L50446,L,301.3,310.1,1269,56.8,195,1,0,0,0,1,0
3351,L50530,L,301.4,310.8,1285,62.6,183,1,0,0,0,1,0
3357,L50536,L,301.6,310.8,1355,57.8,195,1,0,0,0,1,0
3370,L50549,L,301.5,310.9,2760,8.0,15,1,0,0,1,0,0
3458,M18317,M,301.5,310.4,2639,12.0,21,1,0,0,1,0,0
3529,L50708,L,302.0,310.9,1378,53.1,212,1,0,0,0,1,0
3530,L50709,L,301.9,310.9,1567,39.0,214,1,1,0,0,0,0
3580,L50759,L,301.8,310.6,2672,11.8,124,1,0,0,1,0,0
3612,L50791,L,301.7,310.9,1405,46.4,207,1,1,0,0,0,1
3685,L50864,L,302.0,311.2,1270,65.3,182,1,0,0,0,1,0
3696,L50875,L,302.2,311.3,1530,37.3,207,1,1,0,0,0,0
3761,L50940,L,302.3,310.9,1377,46.8,166,1,0,1,0,0,0
3788,L50967,L,302.3,310.8,1377,47.3,22,1,0,1,0,0,0
3794,L50973,L,302.3,310.9,1379,49.3,34,1,0,1,0,0,0
3807,M18666,M,302.3,310.9,1360,44.0,67,1,0,1,0,0,0
3815,M18674,M,302.1,310.6,1326,59.1,88,1,0,1,0,0,0
3830,H33243,H,302.3,310.9,1366,48.4,130,1,0,1,0,0,0
3855,L51034,L,302.4,311.0,1338,67.6,194,1,0,0,1,1,0
3866,H33279,H,302.6,311.5,1629,34.4,228,1,1,0,0,0,0
3868,M18727,M,302.7,311.6,2709,9.7,2,1,0,0,1,0,0
3929,L51108,L,302.6,311.5,1442,59.8,169,1,0,0,1,0,0
3936,M18795,M,302.6,311.6,1227,68.2,187,1,0,0,0,1,0
3944,L51123,L,302.3,311.4,1333,66.7,205,1,0,0,1,1,0
4003,L51182,L,302.1,311.2,1454,59.2,153,1,0,0,1,0,0
4025,M18884,M,302.1,311.0,1351,60.3,207,1,0,0,0,1,0
4033,L51212,L,302.0,310.8,1383,50.3,231,1,0,0,0,1,0
4035,L51214,L,302.0,310.8,1615,29.0,235,1,1,0,0,0,0
4045,M18904,M,301.9,310.9,1419,47.7,20,1,0,0,0,0,0
4049,L51228,L,301.9,311.0,2691,12.1,31,1,0,0,1,0,0
4072,L51251,L,301.9,310.6,1331,68.6,85,1,0,0,1,0,0
4079,H33492,H,302.1,310.7,1294,62.4,101,1,0,1,0,0,0
4081,L51260,L,302.0,310.4,1357,58.0,108,1,0,1,0,0,0
4082,L51261,L,302.0,310.4,1336,58.2,110,1,0,1,0,0,0
4088,L51267,L,301.9,310.4,1376,54.9,126,1,0,1,0,0,0
4097,L51276,L,301.9,310.4,1370,51.7,153,1,0,1,0,0,0
4118,L51297,L,301.9,310.5,1340,55.7,204,1,0,0,0,1,0
4120,L51299,L,302.1,310.7,1325,45.1,208,1,0,1,0,0,0
4121,M18980,M,302.1,310.7,1376,46.3,210,1,0,1,0,0,0
4122,M18981,M,302.1,310.7,1364,47.8,213,1,0,1,0,0,0
4131,L51310,L,301.9,310.4,1286,62.8,22,1,0,1,0,0,0
4139,L51318,L,301.7,310.2,1311,57.4,40,1,0,1,0,0,0
4141,L51320,L,301.7,310.2,1331,61.2,47,1,0,1,0,0,0
4152,M19011,M,301.9,310.4,1373,48.0,73,1,0,1,0,0,0
4154,M19013,M,302.0,310.4,1212,55.6,79,1,0,1,0,0,0
4156,L51335,L,302.0,310.5,1370,44.4,85,1,0,1,0,0,0
4158,L51337,L,302.0,310.5,1263,60.6,90,1,0,1,0,0,0
4165,L51344,L,302.2,310.6,1346,47.5,109,1,0,1,0,0,0
4171,M19030,M,302.2,310.6,1355,51.5,126,1,0,1,0,0,0
4174,M19033,M,302.2,310.6,1346,49.2,134,1,0,1,0,0,0
4180,L51359,L,302.4,310.9,1349,46.1,148,1,0,1,0,0,0
4183,L51362,L,302.4,310.7,1362,54.8,155,1,0,1,0,0,0
4185,L51364,L,302.2,310.6,1334,53.2,159,1,0,1,0,0,0
4186,L51365,L,302.2,310.6,1348,48.4,161,1,0,1,0,0,0
4208,M19067,M,302.3,310.9,1710,30.4,218,1,1,0,0,0,0
4212,L51391,L,302.1,310.7,1314,52.8,8,1,0,1,0,0,0
4226,L51405,L,302.1,310.7,1359,49.3,41,1,0,1,0,0,0
4248,L51427,L,302.6,311.0,1369,60.0,93,1,0,1,0,0,0
4250,L51429,L,302.5,310.9,1330,56.9,97,1,0,1,0,0,0
4252,H33665,H,302.5,310.9,1356,55.5,101,1,0,1,0,0,0
4254,M19113,M,302.6,311.0,1329,48.6,111,1,0,1,0,0,0
4255,L51434,L,302.6,311.0,1284,68.0,114,1,0,1,1,0,0
4259,M19118,M,302.7,311.1,1297,60.7,125,1,0,1,0,0,0
4271,L51450,L,302.6,310.9,1331,52.0,154,1,0,1,0,0,0
4280,L51459,L,302.0,310.1,1361,45.4,174,1,0,1,0,0,0
4283,L51462,L,301.9,309.9,1374,48.5,180,1,0,1,0,0,0
4284,M19143,M,301.8,309.9,1334,61.0,182,1,0,1,0,0,0
4286,L51465,L,301.7,309.9,1317,49.0,187,1,0,1,0,0,0
4293,M19152,M,301.8,310.1,2372,13.9,205,1,0,0,1,0,0
4297,L51476,L,301.8,310.2,2825,5.8,215,1,0,0,1,0,0
4308,L51487,L,301.4,309.9,1259,63.9,20,1,0,1,0,0,0
4324,L51503,L,301.8,310.3,1341,50.5,64,1,0,1,0,0,0
4327,L51506,L,301.6,310.1,1362,55.8,70,1,0,1,0,0,0
4329,L51508,L,301.6,310.1,1326,48.2,77,1,0,1,0,0,0
4343,M19202,M,301.7,309.8,1284,68.2,111,1,0,1,1,0,0
4354,M19213,M,302.0,309.7,1386,62.7,142,1,0,0,1,0,0
4356,H33769,H,302.0,309.8,1280,57.3,147,1,0,1,0,0,0
4362,M19221,M,302.1,310.1,1379,48.2,166,1,0,1,0,0,0
4371,L51550,L,302.0,309.9,1308,57.6,197,1,0,1,0,1,0
4384,L51563,L,301.7,309.5,1298,65.5,229,1,0,1,0,1,0
4386,L51565,L,301.8,309.7,1442,45.3,233,1,1,0,0,0,0
4390,M19249,M,302.1,310.0,1355,45.1,6,1,0,1,0,0,0
4392,M19251,M,302.2,310.1,1368,51.6,12,1,0,1,0,0,0
4401,L51580,L,302.3,310.1,1353,50.9,36,1,0,1,0,0,0
4406,L51585,L,302.4,310.2,1331,45.5,53,1,0,1,0,0,0
4407,L51586,L,302.5,310.3,1326,58.5,55,1,0,1,0,0,0
4410,M19269,M,302.4,310.1,1358,54.6,61,1,0,1,0,0,0
4418,L51597,L,302.6,310.4,1365,66.8,80,1,0,1,1,0,0
4420,M19279,M,302.6,310.2,2676,10.8,84,1,0,0,1,0,0
4422,L51601,L,302.6,310.2,1325,62.4,92,1,0,1,0,0,0
4428,M19287,M,302.4,310.1,1379,48.9,107,1,0,1,0,0,0
4436,L51615,L,302.3,310.1,1321,52.7,134,1,0,1,0,0,0
4442,L51621,L,302.5,310.2,1329,50.6,148,1,0,1,0,0,0
4449,L51628,L,302.4,310.3,1374,51.2,163,1,0,1,0,0,0
4450,M19309,M,302.4,310.3,1378,54.3,165,1,0,1,0,0,0
4463,L51642,L,302.7,310.5,1263,67.8,197,1,0,1,0,1,0
4470,L51649,L,302.7,310.5,1446,40.9,211,1,1,0,0,0,0
4476,L51655,L,302.7,310.5,1351,41.8,10,1,0,1,0,0,0
4481,H33894,H,302.7,310.4,1305,55.2,20,1,0,1,0,0,0
4496,L51675,L,302.6,310.4,1359,57.2,67,1,0,1,0,0,0
4502,L51681,L,302.5,310.2,1307,54.0,86,1,0,1,0,0,0
4511,L51690,L,302.4,310.2,1346,62.4,106,1,0,1,0,0,0
4528,M19387,M,302.4,310.5,1372,45.7,144,1,0,1,0,0,0
4534,M19393,M,302.4,310.3,1375,52.5,161,1,0,1,0,0,0
4537,L51716,L,302.4,310.2,1351,45.1,168,1,0,1,0,0,0
4545,L51724,L,302.5,310.4,1349,55.1,187,1,0,1,0,0,0
4557,M19416,M,302.7,310.6,1349,51.2,6,1,0,1,0,0,0
4559,L51738,L,302.7,310.7,1369,47.5,11,1,0,1,0,0,0
4566,H33979,H,302.7,310.8,1275,55.0,25,1,0,1,0,0,0
4571,L51750,L,302.8,310.9,1312,52.2,40,1,0,1,0,0,0
4580,L51759,L,303.0,311.2,1374,48.2,65,1,0,1,0,0,0
4597,L51776,L,303.0,311.2,1361,47.6,106,1,0,1,0,0,0
4601,L51780,L,303.0,311.0,1359,44.2,115,1,0,1,0,0,0
4602,M19461,M,303.0,311.1,1372,54.3,117,1,0,1,0,0,0
4612,L51791,L,303.0,311.3,1365,56.2,146,1,0,1,0,0,0
4619,M19478,M,303.0,311.3,1335,53.6,164,1,0,1,0,0,0
4621,L51800,L,303.1,311.3,1336,52.6,172,1,0,1,0,0,0
4622,L51801,L,303.0,311.2,1341,51.0,174,1,0,1,0,0,0
4633,M19492,M,302.9,311.2,1330,53.7,200,1,0,1,0,0,0
4643,L51822,L,303.2,311.4,1238,54.6,226,1,0,1,0,1,0
4644,L51823,L,303.2,311.4,1324,54.2,228,1,0,1,0,1,0
4647,L51826,L,303.3,311.4,1497,46.0,234,1,1,0,0,0,0
4652,L51831,L,303.2,311.4,1349,51.1,9,1,0,1,0,0,0
4662,L51841,L,303.3,311.3,1350,48.1,32,1,0,1,0,0,0
4666,M19525,M,303.4,311.4,1307,54.0,44,1,0,1,0,0,0
4670,M19529,M,303.3,311.5,1373,47.3,60,1,0,1,0,0,0
4685,M19544,M,303.6,311.8,1421,44.8,101,1,0,0,0,0,0
4703,L51882,L,303.6,311.8,1222,66.8,148,1,0,1,0,0,0
4719,L51898,L,303.3,311.6,1337,56.8,187,1,0,1,0,0,0
4721,M19580,M,303.4,311.7,1353,44.1,192,1,0,1,0,0,0
4724,L51903,L,303.4,311.8,1366,50.9,200,1,0,1,0,0,0
4728,M19587,M,303.4,311.8,1341,47.0,210,1,0,1,0,0,0
4730,L51909,L,303.4,311.8,1306,61.0,215,1,0,1,0,1,0
4732,L51911,L,303.3,311.6,1301,45.1,219,1,0,1,0,0,0
4738,M19597,M,303.2,311.5,1336,58.2,2,1,0,1,0,0,0
4740,L51919,L,303.2,311.4,1351,53.8,8,1,0,1,0,0,0
4749,L51928,L,303.2,311.2,1363,46.7,29,1,0,1,0,0,0
4756,L51935,L,303.4,311.7,1295,51.3,51,1,0,1,0,0,0
4760,L51939,L,303.5,311.6,1361,46.5,62,1,0,1,0,0,0
4762,H34175,H,303.7,311.9,1332,52.7,66,1,0,1,0,0,0
4763,M19622,M,303.7,312.0,2663,11.4,71,1,0,0,1,0,0
4769,L51948,L,303.6,312.0,1309,52.9,86,1,0,1,0,0,0
4771,L51950,L,303.5,311.9,1344,49.3,93,1,0,1,0,0,0
4779,H34192,H,303.6,312.2,1371,54.6,112,1,0,1,0,0,0
4815,L51994,L,303.4,311.8,1401,53.0,208,1,0,0,0,1,0
4817,L51996,L,303.4,312.0,1521,35.9,215,1,1,0,0,0,0
4832,L52011,L,303.5,312.0,1366,54.5,30,1,0,1,0,0,0
4834,L52013,L,303.4,311.9,1377,41.6,34,1,0,1,0,0,0
4837,L52016,L,303.3,311.8,1315,62.0,42,1,0,1,0,0,0
4841,L52020,L,303.4,311.9,1298,63.9,59,1,0,1,0,0,0
4845,M19704,M,303.4,311.8,1316,50.9,69,1,0,1,0,0,0
4852,L52031,L,303.7,312.1,1363,51.8,90,1,0,1,0,0,0
4921,L52100,L,303.4,312.2,1337,69.4,52,1,0,0,1,0,0
4937,L52116,L,303.5,312.4,1284,70.6,94,1,0,0,1,0,0
4977,L52156,L,303.7,312.7,1359,56.8,194,1,0,0,0,1,0
4985,L52164,L,303.8,313.1,1256,58.7,213,1,0,0,0,1,0
4989,L52168,L,303.8,313.1,2497,13.0,5,1,0,0,1,0,0
4998,M19857,M,303.6,312.8,2659,11.4,26,1,0,0,1,0,0
5049,H34462,H,304.0,313.2,1271,68.6,161,1,0,0,1,0,0
5062,L52241,L,304.0,312.9,1363,62.5,200,1,0,0,0,1,0
5142,L52321,L,304.4,313.7,1509,35.0,205,1,1,0,0,0,0
5220,L52399,L,303.8,313.0,1365,59.9,205,1,0,0,0,1,0
5310,M20169,M,303.9,313.2,1422,48.0,215,1,1,0,0,0,0
5335,M20194,M,303.4,312.6,2706,9.8,65,1,0,0,1,0,0
5395,M20254,M,302.8,312.3,1262,70.5,234,1,0,0,1,1,0
5400,H34813,H,302.8,312.4,1411,53.8,246,1,0,0,0,1,0
5401,L52580,L,302.7,312.4,1477,46.3,251,1,0,0,0,1,0
5402,M20261,M,302.6,312.3,1454,54.8,253,1,1,0,0,1,0
5489,L52668,L,302.7,312.2,1450,52.1,213,1,0,0,0,1,0
5491,L52670,L,302.6,312.1,1288,68.5,0,1,0,0,1,0,0
5537,M20396,M,302.3,311.8,1363,54.0,119,1,0,0,0,0,0
5616,M20475,M,303.0,312.2,1257,71.3,122,1,0,0,1,0,0
5618,L52797,L,303.1,312.4,1404,61.5,127,1,0,0,1,0,0
5707,L52886,L,302.4,311.9,1290,70.0,139,1,0,0,1,0,0
5735,L52914,L,302.3,311.8,1369,56.2,208,1,0,0,0,1,0
5910,H35323,H,300.7,310.2,1364,65.3,208,1,1,0,1,1,0
5942,L53121,L,300.6,310.7,1438,48.5,78,1,0,0,0,0,0
6000,M20859,M,300.4,310.2,1671,30.5,234,1,1,0,0,0,0
6025,L53204,L,300.7,310.9,1356,65.3,66,1,0,0,1,0,0
6079,L53258,L,300.8,310.7,1339,59.1,203,1,0,0,0,1,0
6154,L53333,L,301.0,311.1,1236,64.4,177,1,0,0,0,1,0
6160,L53339,L,301.0,311.0,1399,58.0,190,1,0,0,0,1,0
6173,L53352,L,300.8,310.6,1577,37.9,227,1,1,0,0,0,0
6179,L53358,L,301.1,310.9,1282,67.9,10,1,0,0,1,0,0
6249,L53428,L,300.8,310.1,1405,61.2,189,1,0,0,1,1,0
6256,L53435,L,301.0,310.5,1379,57.3,204,1,0,0,0,1,0
6257,L53436,L,301.0,310.6,1493,37.8,206,1,1,0,0,0,0
6341,H35754,H,300.5,309.9,1397,45.9,210,1,1,0,0,0,0
6420,H35833,H,300.3,309.9,1394,46.7,210,1,1,0,0,0,0
6479,L53658,L,300.5,309.8,1663,29.1,145,1,0,0,0,0,0
6498,L53677,L,300.8,309.9,1312,65.3,192,1,0,0,0,1,0
6526,L53705,L,301.1,310.4,1312,73.6,49,1,0,0,1,0,0
6541,M21400,M,301.4,310.7,1368,63.7,92,1,0,0,1,0,0
6619,M21478,M,301.6,310.6,1309,65.8,75,1,0,0,1,0,0
6674,L53853,L,301.6,310.7,1380,51.8,216,1,0,0,0,1,0
6679,M21538,M,301.5,310.7,1336,65.6,0,1,0,0,1,0,0
6760,L53939,L,301.7,311.0,1441,44.3,208,1,1,0,0,0,0
6800,M21659,M,301.1,310.7,2636,12.2,100,1,0,0,1,0,0
6925,L54104,L,301.2,311.6,1461,52.9,208,1,0,0,0,1,0
6933,L54112,L,300.8,311.4,1322,67.2,18,1,0,0,1,0,0
6991,L54170,L,300.7,311.1,2478,13.4,170,1,0,0,1,0,0
7012,L54191,L,300.5,310.5,2633,12.2,17,1,0,0,1,0,0
7084,L54263,L,300.7,310.4,1416,61.8,209,1,0,0,1,1,0
7088,L54267,L,300.6,310.3,1648,30.5,217,1,1,0,0,0,0
7168,L54347,L,300.3,310.3,1362,60.3,206,1,0,0,0,1,0
7281,L54460,L,299.9,310.2,1288,69.6,62,1,0,0,1,0,0
7427,M22286,M,300.0,311.4,1692,29.0,216,1,1,0,0,0,0
7510,L54689,L,300.6,311.9,1372,60.1,212,1,0,0,0,1,0
7511,L54690,L,300.5,311.8,1524,38.9,214,1,1,0,0,0,0
7537,L54716,L,300.1,311.3,2579,12.5,64,1,0,0,1,0,0
7565,M22424,M,300.3,311.2,1381,65.2,136,1,0,0,1,0,0
7570,L54749,L,300.2,311.0,1255,71.8,149,1,0,0,1,0,0
7592,M22451,M,300.5,311.1,1296,61.3,202,1,0,0,0,1,0
7594,L54773,L,300.5,311.2,1270,67.5,208,1,0,0,0,1,0
7670,L54849,L,300.7,311.8,1336,58.4,189,1,0,0,0,1,0
7688,M22547,M,300.7,311.7,2097,18.9,232,1,1,0,0,0,0
7757,L54936,L,300.5,311.8,1368,57.9,191,1,0,0,0,1,0
7760,L54939,L,300.4,311.8,1272,59.2,198,1,0,0,0,1,0
7764,L54943,L,300.4,311.6,1200,76.6,3,1,0,0,1,0,0
7850,M22709,M,300.3,311.7,1374,47.9,222,1,1,0,0,0,0
7885,L55064,L,300.8,312.4,1465,59.1,91,1,0,0,1,0,0
7927,L55106,L,300.7,311.9,1335,57.1,194,1,0,0,0,1,0
7998,M22857,M,301.0,312.2,2710,9.7,143,1,0,0,1,0,0
8027,L55206,L,300.7,311.9,1399,50.2,222,1,0,0,0,1,0
8112,M22971,M,300.4,311.8,1553,33.1,209,1,1,0,0,0,0
8193,L55372,L,299.6,310.9,1229,65.2,209,1,0,0,0,1,0
8196,L55375,L,299.4,310.8,1376,53.9,215,1,0,0,0,1,0
8200,L55379,L,299.2,310.7,1737,27.0,225,1,1,0,0,0,0
8246,M23105,M,299.0,310.3,1303,68.6,111,1,0,0,1,0,0
8308,M23167,M,298.7,310.1,1402,69.7,64,1,0,0,1,0,0
8358,L55537,L,298.5,309.5,1385,46.3,203,1,1,0,0,0,0
8399,L55578,L,298.5,309.7,2617,12.1,102,1,0,0,1,0,0
8438,L55617,L,298.7,309.8,1181,65.9,203,1,0,0,0,1,0
8507,L55686,L,298.4,309.6,1710,27.3,163,1,0,0,0,0,0
8583,M23442,M,297.5,308.1,1334,72.0,151,1,0,0,1,0,0
8609,L55788,L,297.4,308.4,1369,50.6,220,1,0,0,0,1,0
8610,L55789,L,297.4,308.3,1475,40.5,222,1,1,0,0,0,0
8691,L55870,L,297.1,308.5,1323,44.4,207,1,1,0,0,0,0
8847,M23706,M,297.4,308.8,1325,62.4,204,1,1,0,0,1,0
8927,M23786,M,297.3,308.3,1459,59.6,207,1,0,0,1,1,0
9015,M23874,M,297.2,308.1,1340,61.3,207,1,0,0,0,1,0
9016,L56195,L,297.2,308.1,1431,49.7,210,1,0,0,0,0,0
9017,L56196,L,297.3,308.2,1396,52.7,212,1,0,0,0,1,0
9019,L56198,L,297.3,308.1,1615,35.4,217,1,1,0,0,0,0
9085,L56264,L,297.2,307.9,1326,75.4,172,1,0,0,1,1,0
9175,L56354,L,297.8,308.9,1871,25.6,200,1,1,0,0,0,0
9176,L56355,L,297.8,309.0,1403,64.2,0,1,0,0,1,0,0
9415,L56594,L,298.1,308.6,1354,53.9,207,1,0,0,0,1,0
9494,L56673,L,299.1,309.8,1398,55.4,217,1,0,0,0,1,0
9577,L56756,L,299.6,310.7,1922,23.3,205,1,1,0,0,0,0
9614,L56793,L,299.0,310.2,1377,62.5,92,1,0,0,1,0,0
9654,L56833,L,299.0,309.9,1373,55.7,201,1,0,0,0,1,0
9655,L56834,L,299.1,310.0,1367,56.3,203,1,0,0,0,1,0
9660,L56839,L,298.9,309.8,1287,61.9,216,1,0,0,0,1,0
9664,L56843,L,299.1,310.1,1435,48.8,229,1,0,0,0,1,0
9665,L56844,L,299.1,310.2,1317,54.8,231,1,0,0,0,1,0
9668,L56847,L,299.2,310.3,1352,48.9,238,1,0,0,0,1,0
9759,L56938,L,298.6,309.8,2271,16.2,218,1,1,0,0,0,0
9765,L56944,L,298.5,309.5,1294,66.7,12,1,0,0,1,0,0
9823,L57002,L,298.5,309.4,1360,60.9,187,1,0,0,0,1,0
9831,L57010,L,298.3,309.3,1337,56.1,206,1,0,0,0,1,0
9975,L57154,L,298.6,308.2,1361,68.2,172,1,0,0,1,1,0
6131,L53310,L,301.0,310.9,1473,44.2,116,0,0,0,0,0,0
9064,L56243,L,297.2,308.3,1419,39.7,115,0,0,0,0,0,0
2752,L49931,L,299.7,309.1,1417,50.1,187,0,0,0,0,0,0
5745,H35158,H,302.2,311.5,1482,42.6,16,0,0,0,0,0,0
3780,L50959,L,302.3,311.0,1657,31.1,3,0,0,0,0,0,0
6087,L53266,L,300.9,310.8,1482,37.0,5,0,0,0,0,0,0
6995,L54174,L,300.6,310.8,1375,53.2,179,0,0,0,0,0,0
3937,L51116,L,302.5,311.5,1985,18.8,190,0,0,0,0,0,0
6667,L53846,L,301.3,310.4,1414,51.4,199,0,0,0,0,0,0
4296,L51475,L,301.8,310.2,1457,40.4,213,0,0,0,0,0,0
6395,M21254,M,300.2,309.7,1408,44.0,144,0,0,0,0,0,0
9849,H39262,H,298.5,309.2,1568,40.6,39,0,0,0,0,0,0
5888,H35301,H,301.4,311.1,1445,41.4,144,0,0,0,0,0,0
9785,M24644,M,298.7,309.8,1435,48.8,71,0,0,0,0,0,0
5941,M20800,M,300.6,310.6,1427,52.8,75,0,0,0,0,0,0
2128,H31541,H,299.3,309.0,1425,40.6,123,0,0,0,0,0,0
7530,L54709,L,300.1,311.4,1467,35.7,45,0,0,0,0,0,0
3636,M18495,M,302.1,311.2,1616,35.1,57,0,0,0,0,0,0
5360,M20219,M,303.3,312.6,1397,47.1,137,0,0,0,0,0,0
40,L47219,L,298.8,309.1,1350,52.5,111,0,0,0,0,0,0
7391,M22250,M,299.7,310.5,1490,41.2,126,0,0,0,0,0,0
7483,M22342,M,300.2,311.6,1510,47.5,146,0,0,0,0,0,0
3483,L50662,L,301.9,310.8,1540,37.6,83,0,0,0,0,0,0
8247,L55426,L,299.0,310.3,1552,39.9,114,0,0,0,0,0,0
2939,L50118,L,300.7,309.5,1479,34.5,197,0,0,0,0,0,0
8317,L55496,L,298.8,309.8,1463,40.0,90,0,0,0,0,0,0
123,L47302,L,299.0,308.8,1310,50.7,112,0,0,0,0,0,0
4613,L51792,L,303.0,311.3,2194,16.5,148,0,0,0,0,0,0
5109,L52288,L,303.9,313.3,1394,51.6,121,0,0,0,0,0,0
4984,L52163,L,303.8,313.1,1869,25.8,211,0,0,0,0,0,0
4999,M19858,M,303.6,312.8,1825,25.2,29,0,0,0,0,0,0
330,H29743,H,297.7,308.5,1720,29.9,210,0,0,0,0,0,0
9974,L57153,L,298.5,308.2,1444,40.5,170,0,0,0,0,0,0
1441,M16300,M,298.8,309.9,1741,27.7,50,0,0,0,0,0,0
360,M15219,M,297.6,308.3,1567,34.6,71,0,0,0,0,0,0
2007,M16866,M,298.5,308.3,1381,50.5,22,0,0,0,0,0,0
5502,L52681,L,302.7,312.1,1543,37.5,33,0,0,0,0,0,0
732,M15591,M,297.3,308.6,1431,53.0,160,0,0,0,0,0,0
1183,L48362,L,297.3,308.3,1410,48.1,23,0,0,0,0,0,0
4742,L51921,L,303.2,311.3,1393,52.9,12,0,0,0,0,0,0
3149,H32562,H,300.4,309.8,1448,39.7,107,0,0,0,0,0,0
264,M15123,M,298.0,308.1,1587,32.3,30,0,0,0,0,0,0
7636,L54815,L,300.3,311.4,1526,38.5,101,0,0,0,0,0,0
5498,M20357,M,302.9,312.5,1551,40.0,20,0,0,0,0,0,0
8919,L56098,L,297.1,308.2,1402,51.2,186,0,0,0,0,0,0
9801,H39214,H,298.5,309.3,1421,50.3,124,0,0,0,0,0,0
7834,L55013,L,300.0,311.4,1604,38.7,185,0,0,0,0,0,0
8515,L55694,L,298.2,309.4,1447,47.1,185,0,0,0,0,0,0
2892,L50071,L,300.6,309.6,1682,30.7,78,0,0,0,0,0,0
3006,L50185,L,300.5,309.9,1503,37.4,175,0,0,0,0,0,0
9962,L57141,L,298.2,307.9,1399,54.9,139,0,0,0,0,0,0
9393,L56572,L,297.6,308.1,1437,46.3,149,0,0,0,0,0,0
2719,L49898,L,299.5,309.1,1357,47.3,106,0,0,0,0,0,0
7103,M21962,M,300.8,310.3,1494,42.2,35,0,0,0,0,0,0
5532,M20391,M,302.3,311.7,1504,37.3,107,0,0,0,0,0,0
9966,L57145,L,298.3,307.9,1703,28.9,147,0,0,0,0,0,0
2122,M16981,M,299.2,308.8,1503,37.4,109,0,0,0,0,0,0
7981,M22840,M,301.2,312.4,1505,39.6,102,0,0,0,0,0,0
9520,L56699,L,299.0,310.1,1531,36.0,57,0,0,0,0,0,0
5656,L52835,L,302.3,311.5,1387,47.3,2,0,0,0,0,0,0
1709,L48888,L,298.2,307.8,1627,31.5,64,0,0,0,0,0,0
4752,L51931,L,303.3,311.4,1510,37.3,36,0,0,0,0,0,0
3032,M17891,M,300.5,309.7,1389,43.3,9,0,0,0,0,0,0
6614,L53793,L,301.7,310.6,1513,41.1,64,0,0,0,0,0,0
1989,H31402,H,298.3,307.9,1420,39.2,176,0,0,0,0,0,0
1595,M16454,M,298.0,308.2,1373,51.2,215,0,0,0,0,0,0
1527,L48706,L,298.1,309.0,1787,27.6,47,0,0,0,0,0,0
7255,L54434,L,300.3,310.4,1493,37.5,219,0,0,0,0,0,0
504,M15363,M,297.6,309.2,1442,48.1,0,0,0,0,0,0,0
8124,H37537,H,300.2,311.5,1515,36.8,27,0,0,0,0,0,0
6417,H35830,H,300.4,310.1,1484,38.0,198,0,0,0,0,0,0
8413,M23272,M,298.6,309.7,1314,49.7,136,0,0,0,0,0,0
8232,L55411,L,299.1,310.5,1419,48.8,76,0,0,0,0,0,0
7172,M22031,M,300.2,310.2,1438,51.5,7,0,0,0,0,0,0
6684,L53863,L,301.5,310.9,1318,50.6,11,0,0,0,0,0,0
6437,L53616,L,300.4,310.0,1769,26.1,38,0,0,0,0,0,0
2982,H32395,H,300.4,309.4,1530,40.4,112,0,0,0,0,0,0
5887,L53066,L,301.4,311.1,1494,41.9,142,0,0,0,0,0,0
5807,L52986,L,301.4,310.9,1440,45.4,177,0,0,0,0,0,0
5780,L52959,L,301.6,311.1,1680,29.2,111,0,0,0,0,0,0
9965,L57144,L,298.3,307.9,1766,26.5,145,0,0,0,0,0,0
2186,L49365,L,299.8,309.4,1630,32.4,53,0,0,0,0,0,0
6229,L53408,L,301.2,310.9,1413,50.1,141,0,0,0,0,0,0
2586,M17445,M,299.0,308.7,1620,35.4,199,0,0,0,0,0,0
9052,L56231,L,297.4,308.6,1820,24.6,79,0,0,0,0,0,0
1366,L48545,L,298.7,310.1,1676,33.5,70,0,0,0,0,0,0
5901,M20760,M,300.9,310.7,1485,41.0,181,0,0,0,0,0,0
9611,L56790,L,299.0,310.1,1505,41.3,85,0,0,0,0,0,0
6857,M21716,M,301.1,311.3,1836,22.8,31,0,0,0,0,0,0
2689,L49868,L,299.9,309.4,1322,53.9,33,0,0,0,0,0,0
3196,M18055,M,300.0,309.2,1635,32.4,4,0,0,0,0,0,0
8469,H37882,H,298.6,309.7,1463,39.1,66,0,0,0,0,0,0
4083,L51262,L,302.0,310.4,1568,39.2,112,0,0,0,0,0,0
9927,M24786,M,298.5,308.6,1897,20.2,50,0,0,0,0,0,0
4178,L51357,L,302.5,310.9,1477,39.2,144,0,0,0,0,0,0
4233,L51412,L,302.2,310.9,1452,42.3,56,0,0,0,0,0,0
5268,M20127,M,303.5,312.9,1438,42.8,106,0,0,0,0,0,0
3614,L50793,L,301.7,310.9,1557,39.4,2,0,0,0,0,0,0
2100,L49279,L,299.4,309.3,1596,31.8,40,0,0,0,0,0,0
7538,L54717,L,300.1,311.3,1305,64.7,66,0,0,0,0,0,0
7522,M22381,M,300.2,311.6,1467,40.7,23,0,0,0,0,0,0
100,L47279,L,298.8,308.8,1523,44.4,55,0,0,0,0,0,0
8090,L55269,L,300.1,311.3,1676,30.3,151,0,0,0,0,0,0
2761,L49940,L,299.8,309.2,1400,42.6,210,0,0,0,0,0,0
8479,M23338,M,298.5,309.7,1354,60.8,96,0,0,0,0,0,0
753,L47932,L,296.9,308.1,1422,48.7,215,0,0,0,0,0,0
7393,M22252,M,299.7,310.5,1492,39.3,131,0,0,0,0,0,0
3803,M18662,M,302.2,310.9,1488,44.2,57,0,0,0,0,0,0
2524,L49703,L,298.8,308.7,1635,35.2,47,0,0,0,0,0,0
9632,L56811,L,299.0,310.0,1672,33.2,144,0,0,0,0,0,0
5068,M19927,M,304.2,313.2,1396,50.5,11,0,0,0,0,0,0
1914,M16773,M,298.0,307.8,1492,40.2,197,0,0,0,0,0,0
1209,L48388,L,297.0,308.1,1489,44.1,96,0,0,0,0,0,0
1789,L48968,L,298.3,308.0,1442,47.3,65,0,0,0,0,0,0
5962,L53141,L,300.3,310.7,1539,32.3,123,0,0,0,0,0,0
2837,M17696,M,300.3,309.1,1458,44.3,175,0,0,0,0,0,0
7531,M22390,M,300.1,311.4,1617,39.3,47,0,0,0,0,0,0
1081,L48260,L,297.0,307.8,1774,28.0,188,0,0,0,0,0,0
6508,L53687,L,301.0,310.1,1558,32.6,0,0,0,0,0,0,0
7588,L54767,L,300.4,311.1,1405,54.1,193,0,0,0,0,0,0
2829,M17688,M,300.4,309.4,1875,23.9,155,0,0,0,0,0,0
8000,M22859,M,300.9,312.1,1617,31.0,148,0,0,0,0,0,0
3132,L50311,L,300.1,309.5,1660,32.7,57,0,0,0,0,0,0
4188,M19047,M,302.2,310.7,1601,33.0,166,0,0,0,0,0,0
814,L47993,L,296.8,307.6,1513,40.0,130,0,0,0,0,0,0
7339,L54518,L,299.8,310.5,1496,38.8,215,0,0,0,0,0,0
7583,H36996,H,300.4,311.2,1489,45.3,180,0,0,0,0,0,0
9059,M23918,M,297.2,308.3,1326,57.2,100,0,0,0,0,0,0
4206,L51385,L,302.3,310.8,1723,26.3,213,0,0,0,0,0,0
9199,M24058,M,297.9,308.8,1538,37.6,54,0,0,0,0,0,0
8067,L55246,L,300.4,311.9,1868,21.3,92,0,0,0,0,0,0
8380,L55559,L,298.8,309.9,1629,31.9,49,0,0,0,0,0,0
7479,L54658,L,300.1,311.3,1479,39.5,133,0,0,0,0,0,0
500,L47679,L,297.5,309.1,1515,35.1,213,0,0,0,0,0,0
7260,M22119,M,300.4,310.5,1500,43.0,9,0,0,0,0,0,0
4448,M19307,M,302.5,310.3,1488,41.8,160,0,0,0,0,0,0
4,L47183,L,298.2,308.6,1433,39.5,7,0,0,0,0,0,0
6273,M21132,M,301.1,310.6,1429,52.7,35,0,0,0,0,0,0
9796,L56975,L,298.5,309.3,1623,33.1,109,0,0,0,0,0,0
4006,M18865,M,302.0,311.1,1406,48.8,159,0,0,0,0,0,0
2440,L49619,L,299.1,308.4,1693,31.6,65,0,0,0,0,0,0
7600,L54779,L,300.5,311.0,1759,28.3,13,0,0,0,0,0,0
7932,L55111,L,300.7,311.7,1499,38.4,205,0,0,0,0,0,0
6848,L54027,L,301.2,311.4,1757,28.0,6,0,0,0,0,0,0
1214,M16073,M,296.8,307.8,1551,38.9,112,0,0,0,0,0,0
6734,M21593,M,301.7,311.0,1311,46.8,136,0,0,0,0,0,0
1645,L48824,L,298.0,307.8,1622,33.3,121,0,0,0,0,0,0
809,L47988,L,296.9,307.7,1424,43.3,120,0,0,0,0,0,0
5251,L52430,L,303.5,312.9,1332,52.9,66,0,0,0,0,0,0
7126,L54305,L,300.7,310.1,1261,56.6,98,0,0,0,0,0,0
5722,M20581,M,302.3,311.8,1443,43.4,175,0,0,0,0,0,0
3433,M18292,M,301.6,310.7,2012,20.7,178,0,0,0,0,0,0
8574,L55753,L,297.6,308.4,1626,32.4,130,0,0,0,0,0,0
4519,L51698,L,302.4,310.3,1480,45.8,123,0,0,0,0,0,0
382,L47561,L,297.5,308.5,1546,40.4,129,0,0,0,0,0,0
595,H30008,H,297.6,309.6,1278,50.4,2,0,0,0,0,0,0
1251,L48430,L,297.3,308.7,1549,36.1,218,0,0,0,0,0,0
3518,L50697,L,302.0,311.0,1550,35.2,184,0,0,0,0,0,0
8531,M23390,M,298.5,309.3,1615,31.8,23,0,0,0,0,0,0
6426,L53605,L,300.3,309.9,1393,56.1,12,0,0,0,0,0,0
1672,L48851,L,298.1,307.9,1614,35.8,196,0,0,0,0,0,0
666,L47845,L,297.5,308.9,1729,28.1,189,0,0,0,0,0,0
2840,M17699,M,300.4,309.4,1362,42.1,182,0,0,0,0,0,0
431,L47610,L,297.5,308.6,1596,37.1,30,0,0,0,0,0,0
5958,L53137,L,300.7,310.9,1637,37.2,115,0,0,0,0,0,0
6904,M21763,M,301.0,311.6,1609,35.8,156,0,0,0,0,0,0
5612,M20471,M,303.0,312.3,1674,29.5,109,0,0,0,0,0,0
4525,M19384,M,302.5,310.5,1527,38.8,136,0,0,0,0,0,0
335,M15194,M,297.5,308.1,1469,44.8,5,0,0,0,0,0,0
5782,M20641,M,301.7,311.1,1618,36.7,115,0,0,0,0,0,0
5171,M20030,M,304.1,313.3,1480,38.4,72,0,0,0,0,0,0
9691,M24550,M,298.9,310.0,1520,35.6,48,0,0,0,0,0,0
6383,L53562,L,300.2,309.8,1481,41.9,106,0,0,0,0,0,0
3981,M18840,M,302.2,311.3,1375,47.0,98,0,0,0,0,0,0
2656,M17515,M,299.8,309.4,1751,27.0,173,0,0,0,0,0,0
6954,L54133,L,300.8,311.3,1462,41.4,75,0,0,0,0,0,0
6443,L53622,L,300.7,310.2,1348,54.8,50,0,0,0,0,0,0
2165,L49344,L,299.6,309.2,1540,36.7,221,0,0,0,0,0,0
2608,L49787,L,299.4,309.3,1448,48.6,44,0,0,0,0,0,0
5723,L52902,L,302.2,311.7,1488,44.6,178,0,0,0,0,0,0
6866,L54045,L,301.1,311.4,1531,38.7,55,0,0,0,0,0,0
9305,L56484,L,298.3,309.1,1537,43.0,123,0,0,0,0,0,0
6471,L53650,L,300.4,309.6,1379,54.5,122,0,0,0,0,0,0
6266,L53445,L,300.8,310.3,1383,46.6,19,0,0,0,0,0,0
3864,L51043,L,302.5,311.4,1674,27.0,223,0,0,0,0,0,0
8851,L56030,L,297.6,309.0,1491,43.2,7,0,0,0,0,0,0
5812,L52991,L,301.3,311.1,1454,40.3,191,0,0,0,0,0,0
6351,L53530,L,300.1,309.7,1362,49.1,23,0,0,0,0,0,0
989,H30402,H,296.3,307.1,1774,25.9,154,0,0,0,0,0,0
3986,L51165,L,302.3,311.2,1386,50.3,110,0,0,0,0,0,0
9201,M24060,M,297.9,308.8,1602,32.1,59,0,0,0,0,0,0
5157,L52336,L,304.2,313.4,1482,41.4,32,0,0,0,0,0,0
5738,L52917,L,302.3,311.8,1574,42.8,215,0,0,0,0,0,0
5481,H34894,H,302.7,312.1,1478,36.0,191,0,0,0,0,0,0
3666,M18525,M,302.4,311.8,1358,50.6,133,0,0,0,0,0,0
7388,H36801,H,299.8,310.6,1423,44.6,116,0,0,0,0,0,0
1411,M16270,M,298.9,310.1,1469,53.2,189,0,0,0,0,0,0
1233,L48412,L,297.2,308.6,1500,37.1,161,0,0,0,0,0,0
5980,H35393,H,300.6,310.7,1501,45.3,175,0,0,0,0,0,0
2206,L49385,L,299.9,309.2,1624,34.6,105,0,0,0,0,0,0
1916,L49095,L,298.0,307.7,1492,38.7,202,0,0,0,0,0,0
2800,L49979,L,300.3,309.6,1404,44.6,87,0,0,0,0,0,0
6391,L53570,L,300.3,309.8,1450,55.0,135,0,0,0,0,0,0
7992,L55171,L,301.1,312.3,1534,39.0,129,0,0,0,0,0,0
8720,L55899,L,297.2,308.8,1451,43.1,68,0,0,0,0,0,0
3485,L50664,L,301.9,310.8,1519,39.0,90,0,0,0,0,0,0
4295,M19154,M,301.7,310.1,1743,27.3,210,0,0,0,0,0,0
9619,L56798,L,299.0,310.1,1447,42.8,104,0,0,0,0,0,0
2314,M17173,M,299.1,308.8,1725,26.6,172,0,0,0,0,0,0
4103,L51282,L,302.0,310.4,1450,46.6,165,0,0,0,0,0,0
2683,M17542,M,299.9,309.6,1364,44.4,20,0,0,0,0,0,0
7655,M22514,M,300.3,311.5,1540,41.5,151,0,0,0,0,0,0
3011,L50190,L,300.3,309.6,1537,37.1,187,0,0,0,0,0,0
1133,L48312,L,296.8,307.9,1271,61.4,125,0,0,0,0,0,0
6086,L53265,L,300.9,310.6,1538,36.7,3,0,0,0,0,0,0
9777,M24636,M,298.6,309.6,1397,54.1,47,0,0,0,0,0,0
8907,L56086,L,297.3,308.7,1592,34.4,158,0,0,0,0,0,0
2305,L49484,L,299.1,308.5,1455,39.8,145,0,0,0,0,0,0
2558,M17417,M,299.4,309.1,1440,50.0,134,0,0,0,0,0,0
8595,L55774,L,297.4,308.0,1356,51.9,184,0,0,0,0,0,0
7735,L54914,L,300.6,312.0,1670,29.4,134,0,0,0,0,0,0
1826,M16685,M,298.0,307.5,1784,27.8,163,0,0,0,0,0,0
2842,L50021,L,300.3,309.4,1705,29.4,190,0,0,0,0,0,0
8630,H38043,H,297.5,308.5,1557,39.1,47,0,0,0,0,0,0
9864,L57043,L,298.9,309.8,1411,56.3,84,0,0,0,0,0,0
9727,L56906,L,298.8,309.8,1557,37.2,139,0,0,0,0,0,0
5448,L52627,L,303.1,312.8,1465,44.1,109,0,0,0,0,0,0
1835,L49014,L,297.8,307.2,1498,38.1,188,0,0,0,0,0,0
1281,H30694,H,298.3,309.5,1521,37.1,84,0,0,0,0,0,0
7143,H36556,H,300.3,309.7,1452,41.5,139,0,0,0,0,0,0
5893,L53072,L,301.4,311.1,1472,44.5,159,0,0,0,0,0,0
4654,M19513,M,303.1,311.1,1594,35.5,13,0,0,0,0,0,0
5563,L52742,L,302.3,311.7,1648,32.1,197,0,0,0,0,0,0
8361,L55540,L,298.6,309.6,1540,35.8,5,0,0,0,0,0,0
3496,M18355,M,301.9,311.0,1384,47.4,121,0,0,0,0,0,0
7117,L54296,L,301.0,310.5,1601,33.2,77,0,0,0,0,0,0
8154,L55333,L,299.6,310.8,1507,42.4,108,0,0,0,0,0,0
4915,M19774,M,303.5,312.3,1532,41.7,32,0,0,0,0,0,0
2786,L49965,L,300.2,309.5,1495,32.6,49,0,0,0,0,0,0
7348,L54527,L,299.6,310.2,1627,36.6,17,0,0,0,0,0,0
4063,L51242,L,302.0,310.9,1446,44.0,64,0,0,0,0,0,0
9954,L57133,L,298.1,307.8,1565,35.3,119,0,0,0,0,0,0
7132,M21991,M,300.5,309.8,1410,44.4,111,0,0,0,0,0,0
1589,L48768,L,298.2,308.3,1688,32.0,202,0,0,0,0,0,0
6044,M20903,M,300.7,310.9,1468,41.8,112,0,0,0,0,0,0
3224,H32637,H,300.6,309.5,1495,36.5,79,0,0,0,0,0,0
7705,M22564,M,300.6,311.6,1630,31.8,52,0,0,0,0,0,0
6533,H35946,H,301.2,310.6,1352,52.0,69,0,0,0,0,0,0
4111,L51290,L,302.0,310.6,1361,46.7,182,0,0,0,0,0,0
9519,L56698,L,299.0,310.1,1580,41.9,55,0,0,0,0,0,0
8590,M23449,M,297.3,307.8,1538,48.0,171,0,0,0,0,0,0
7561,M22420,M,300.3,311.3,1377,53.8,125,0,0,0,0,0,0
1855,M16714,M,297.6,307.2,1470,42.6,44,0,0,0,0,0,0
8516,L55695,L,298.2,309.4,1443,45.4,187,0,0,0,0,0,0
8447,L55626,L,298.5,309.9,1482,42.1,15,0,0,0,0,0,0
9027,M23886,M,297.5,308.4,1685,28.1,15,0,0,0,0,0,0
3100,M17959,M,299.9,309.1,1513,43.8,188,0,0,0,0,0,0
15,L47194,L,298.6,309.2,2035,19.6,40,0,0,0,0,0,0
4593,L51772,L,302.9,311.1,1555,33.9,96,0,0,0,0,0,0
3229,L50408,L,300.5,309.3,1475,46.8,94,0,0,0,0,0,0
2754,L49933,L,299.7,309.1,1715,27.8,192,0,0,0,0,0,0
2056,L49235,L,299.6,309.4,1643,32.9,145,0,0,0,0,0,0
7697,H37110,H,300.6,311.5,1282,60.2,24,0,0,0,0,0,0
1774,L48953,L,298.5,308.0,1384,59.5,27,0,0,0,0,0,0
7274,M22133,M,300.2,310.3,1704,29.2,42,0,0,0,0,0,0
1885,M16744,M,298.0,307.6,1792,26.0,119,0,0,0,0,0,0
8007,L55186,L,300.9,312.1,1462,46.0,166,0,0,0,0,0,0
4342,L51521,L,301.7,309.8,1398,46.0,109,0,0,0,0,0,0
9757,L56936,L,298.6,309.8,1597,35.9,213,0,0,0,0,0,0
4624,L51803,L,303.0,311.1,1525,40.7,179,0,0,0,0,0,0
3157,L50336,L,300.4,309.7,1467,36.9,131,0,0,0,0,0,0
2036,M16895,M,298.9,308.6,1469,34.2,93,0,0,0,0,0,0
5966,H35379,H,300.5,310.9,1447,46.5,137,0,0,0,0,0,0
6165,H35578,H,300.9,310.7,1656,30.7,200,0,0,0,0,0,0
3880,M18739,M,302.6,311.7,1430,51.7,32,0,0,0,0,0,0
7029,M21888,M,300.6,310.6,1403,50.4,64,0,0,0,0,0,0
30,L47209,L,299.0,309.4,1693,30.1,84,0,0,0,0,0,0
8395,M23254,M,298.6,309.5,1566,38.1,89,0,0,0,0,0,0
7118,L54297,L,300.9,310.5,1570,40.1,79,0,0,0,0,0,0
2539,L49718,L,299.1,308.8,1429,50.1,84,0,0,0,0,0,0
785,L47964,L,296.7,307.9,1743,27.9,55,0,0,0,0,0,0
560,L47739,L,297.5,309.4,1503,40.6,144,0,0,0,0,0,0
84,L47263,L,299.0,309.0,1469,40.1,13,0,0,0,0,0,0
9736,L56915,L,299.0,310.1,1444,47.7,161,0,0,0,0,0,0
4199,M19058,M,302.4,311.1,1432,44.5,195,0,0,0,0,0,0
8128,M22987,M,300.1,311.3,1650,33.8,38,0,0,0,0,0,0
5790,M20649,M,301.8,311.5,1416,49.0,136,0,0,0,0,0,0
10000,M24859,M,299.0,308.7,1500,40.2,30,0,0,0,0,0,0
110,L47289,L,298.9,308.7,1572,34.1,80,0,0,0,0,0,0
5333,H34746,H,303.6,312.7,1403,46.2,57,0,0,0,0,0,0
2579,L49758,L,299.4,309.3,1391,46.6,185,0,0,0,0,0,0
1059,L48238,L,296.7,307.8,1605,31.3,128,0,0,0,0,0,0
9246,L56425,L,298.3,308.9,1708,27.3,170,0,0,0,0,0,0
8069,M22928,M,300.5,311.9,1676,35.2,97,0,0,0,0,0,0
2337,L49516,L,299.2,308.4,1434,46.8,2,0,0,0,0,0,0
3160,H32573,H,300.4,309.8,1409,47.5,138,0,0,0,0,0,0
5063,L52242,L,304.0,312.9,1313,53.9,202,0,0,0,0,0,0
1,M14860,M,298.1,308.6,1551,42.8,0,0,0,0,0,0,0
7999,L55178,L,300.9,312.1,1359,51.7,146,0,0,0,0,0,0
2696,L49875,L,300.0,309.5,1869,22.7,49,0,0,0,0,0,0
278,H29691,H,298.0,308.0,1479,50.7,70,0,0,0,0,0,0
1993,L49172,L,298.2,307.8,1375,46.6,188,0,0,0,0,0,0
8631,L55810,L,297.4,308.4,1371,57.4,52,0,0,0,0,0,0
7452,L54631,L,300.3,311.8,1508,43.1,57,0,0,0,0,0,0
1526,L48705,L,298.2,309.0,2449,13.8,45,0,0,0,0,0,0
1296,L48475,L,298.7,309.8,1402,54.3,128,0,0,0,0,0,0
3289,L50468,L,301.3,310.1,1662,31.0,37,0,0,0,0,0,0
5957,L53136,L,300.7,310.9,1535,37.1,113,0,0,0,0,0,0
8554,M23413,M,298.1,309.0,1661,38.2,82,0,0,0,0,0,0
7821,M22680,M,299.8,311.2,1706,29.2,148,0,0,0,0,0,0
2225,M17084,M,299.7,309.0,1645,31.9,155,0,0,0,0,0,0
8017,M22876,M,300.9,312.0,1447,41.4,193,0,0,0,0,0,0
1141,M16000,M,296.9,307.9,1385,44.8,144,0,0,0,0,0,0
2164,L49343,L,299.6,309.2,1422,39.8,219,0,0,0,0,0,0
5056,H34469,H,303.8,312.9,1378,45.6,184,0,0,0,0,0,0
8597,L55776,L,297.5,308.2,1327,56.5,189,0,0,0,0,0,0
8385,L55564,L,298.8,309.7,1450,43.1,63,0,0,0,0,0,0
4688,L51867,L,303.5,311.6,2183,17.0,110,0,0,0,0,0,0
8596,M23455,M,297.5,308.2,1624,30.9,186,0,0,0,0,0,0
8721,L55900,L,297.3,308.8,1554,36.1,70,0,0,0,0,0,0
784,H30197,H,296.7,307.9,1579,33.4,50,0,0,0,0,0,0
3388,M18247,M,301.6,310.8,1290,65.3,63,0,0,0,0,0,0
474,M15333,M,297.4,309.0,1520,37.0,147,0,0,0,0,0,0
2269,L49448,L,299.2,308.5,1438,46.6,63,0,0,0,0,0,0
8679,L55858,L,297.3,308.5,1514,44.5,177,0,0,0,0,0,0
5163,L52342,L,304.2,313.3,1464,45.9,48,0,0,0,0,0,0
374,L47553,L,297.4,308.3,1412,42.0,111,0,0,0,0,0,0
5286,L52465,L,303.8,313.1,1523,39.8,150,0,0,0,0,0,0
4441,L51620,L,302.5,310.3,1446,44.0,146,0,0,0,0,0,0
5905,M20764,M,300.8,310.5,1330,59.0,190,0,0,0,0,0,0
1043,L48222,L,296.6,307.6,1542,37.4,88,0,0,0,0,0,0
9709,L56888,L,299.0,310.1,1664,29.7,89,0,0,0,0,0,0
8615,L55794,L,297.5,308.5,1691,33.1,9,0,0,0,0,0,0
9364,L56543,L,297.9,308.5,1519,34.3,61,0,0,0,0,0,0
9442,L56621,L,298.1,308.8,1432,43.4,68,0,0,0,0,0,0
1353,M16212,M,298.7,310.2,1598,33.3,36,0,0,0,0,0,0
7244,M22103,M,300.0,310.2,1393,51.2,190,0,0,0,0,0,0
5080,M19939,M,304.2,313.4,1411,54.8,44,0,0,0,0,0,0
5717,L52896,L,302.3,312.0,1354,52.2,165,0,0,0,0,0,0
3282,M18141,M,301.2,310.0,1445,45.6,18,0,0,0,0,0,0
1845,M16704,M,297.6,307.1,1471,44.9,14,0,0,0,0,0,0
9247,L56426,L,298.3,308.9,1862,27.0,172,0,0,0,0,0,0
317,L47496,L,297.8,308.4,1714,33.2,177,0,0,0,0,0,0
7854,L55033,L,300.3,311.7,1317,56.5,7,0,0,0,0,0,0
1608,L48787,L,297.8,307.8,1412,48.3,27,0,0,0,0,0,0
6331,M21190,M,300.5,310.0,1580,37.0,181,0,0,0,0,0,0
6455,L53634,L,300.7,310.1,1598,32.8,79,0,0,0,0,0,0
7014,M21873,M,300.4,310.4,1544,36.3,21,0,0,0,0,0,0
1621,L48800,L,297.9,307.7,1492,43.7,59,0,0,0,0,0,0
8527,L55706,L,298.3,309.3,1401,51.9,14,0,0,0,0,0,0
7444,H36857,H,300.1,311.6,1589,37.9,37,0,0,0,0,0,0
535,L47714,L,297.5,309.3,1623,33.4,74,0,0,0,0,0,0
4389,L51568,L,302.0,309.8,1701,27.2,4,0,0,0,0,0,0
8494,M23353,M,298.3,309.5,1560,36.9,131,0,0,0,0,0,0
5398,M20257,M,302.8,312.3,1416,42.7,241,0,0,0,0,0,0
687,M15546,M,297.7,309.0,1504,40.4,35,0,0,0,0,0,0
5648,H35061,H,302.5,311.8,2370,14.7,198,0,0,0,0,0,0
9021,L56200,L,297.3,308.2,1553,33.5,2,0,0,0,0,0,0
3521,L50700,L,301.9,311.0,1669,32.2,191,0,0,0,0,0,0
9771,H39184,H,298.6,309.5,1584,31.8,27,0,0,0,0,0,0
1786,L48965,L,298.2,308.0,1538,38.2,59,0,0,0,0,0,0
3914,M18773,M,302.4,311.4,1675,29.6,128,0,0,0,0,0,0
3095,L50274,L,300.0,309.3,1972,22.0,175,0,0,0,0,0,0
3142,L50321,L,300.5,310.0,1521,45.1,86,0,0,0,0,0,0
5737,M20596,M,302.4,311.9,1439,36.6,212,0,0,0,0,0,0
8342,L55521,L,298.8,309.7,1751,29.6,160,0,0,0,0,0,0
6374,H35787,H,300.0,309.5,1735,28.9,82,0,0,0,0,0,0
4802,L51981,L,303.5,312.4,1574,32.7,175,0,0,0,0,0,0
6695,M21554,M,301.7,310.9,1300,62.7,36,0,0,0,0,0,0
3988,M18847,M,302.3,311.3,1444,43.1,115,0,0,0,0,0,0
6274,L53453,L,301.2,310.8,1711,28.9,38,0,0,0,0,0,0
1842,L49021,L,297.7,307.2,1668,37.8,5,0,0,0,0,0,0
9196,L56375,L,297.9,309.0,1532,37.6,47,0,0,0,0,0,0
92,L47271,L,298.9,308.9,1830,24.9,35,0,0,0,0,0,0
1115,H30528,H,296.4,307.3,1540,37.4,75,0,0,0,0,0,0
2678,L49857,L,299.8,309.5,1495,39.6,10,0,0,0,0,0,0
7222,H36635,H,299.7,309.6,1433,49.6,129,0,0,0,0,0,0
135,L47314,L,298.8,308.4,1369,53.0,138,0,0,0,0,0,0
584,H29997,H,297.7,309.6,1697,32.2,210,0,0,0,0,0,0
6434,L53613,L,300.3,309.9,1570,34.0,31,0,0,0,0,0,0
1796,M16655,M,298.1,307.7,1498,38.3,81,0,0,0,0,0,0
8887,L56066,L,297.9,309.0,1583,36.7,104,0,0,0,0,0,0
1356,M16215,M,298.6,310.0,1681,35.5,44,0,0,0,0,0,0
1106,M15965,M,296.6,307.5,1734,27.0,50,0,0,0,0,0,0
9388,H38801,H,297.4,307.9,1390,52.0,131,0,0,0,0,0,0
3883,L51062,L,302.5,311.6,1419,43.7,39,0,0,0,0,0,0
7074,L54253,L,300.7,310.6,1491,43.2,187,0,0,0,0,0,0
7488,L54667,L,300.3,311.7,1707,33.6,158,0,0,0,0,0,0
6608,L53787,L,301.5,310.5,1556,39.1,48,0,0,0,0,0,0
8334,M23193,M,298.8,309.7,1477,48.5,138,0,0,0,0,0,0
2424,M17283,M,298.9,308.2,2022,20.0,23,0,0,0,0,0,0
976,M15835,M,296.0,306.6,1628,36.8,121,0,0,0,0,0,0
5258,L52437,L,303.5,313.0,1482,38.5,82,0,0,0,0,0,0
5750,H35163,H,302.2,311.8,1330,62.4,31,0,0,0,0,0,0
4846,M19705,M,303.3,311.8,1583,33.3,72,0,0,0,0,0,0
3264,L50443,L,301.3,310.0,1344,54.8,186,0,0,0,0,0,0
9275,L56454,L,298.2,308.7,1428,54.9,45,0,0,0,0,0,0
37,M14896,M,298.9,309.2,1581,36.7,101,0,0,0,0,0,0
7182,L54361,L,300.2,310.3,1331,52.1,30,0,0,0,0,0,0
702,L47881,L,297.7,308.8,1515,40.1,82,0,0,0,0,0,0
4469,L51648,L,302.7,310.5,1725,29.0,209,0,0,0,0,0,0
6114,M20973,M,300.7,310.8,1724,30.0,76,0,0,0,0,0,0
5647,M20506,M,302.4,311.8,1644,37.2,195,0,0,0,0,0,0
8955,L56134,L,297.3,308.0,1447,49.0,61,0,0,0,0,0,0
48,L47227,L,298.8,309.1,1418,46.3,133,0,0,0,0,0,0
1615,M16474,M,297.8,307.9,1802,25.8,43,0,0,0,0,0,0
1712,L48891,L,298.2,307.8,1355,51.3,70,0,0,0,0,0,0
6332,H35745,H,300.5,310.0,1495,47.4,184,0,0,0,0,0,0
4521,L51700,L,302.4,310.4,1456,47.6,127,0,0,0,0,0,0
642,L47821,L,297.9,309.5,1390,47.9,127,0,0,0,0,0,0
5246,L52425,L,303.6,313.0,1575,38.3,54,0,0,0,0,0,0
7555,M22414,M,300.3,311.4,1371,50.2,109,0,0,0,0,0,0
9286,M24145,M,298.2,309.0,1410,47.6,76,0,0,0,0,0,0
5410,L52589,L,302.7,312.4,1433,44.2,17,0,0,0,0,0,0
7903,M22762,M,300.7,312.3,1430,47.2,131,0,0,0,0,0,0
3616,M18475,M,301.8,311.1,1647,31.6,6,0,0,0,0,0,0
6400,M21259,M,300.1,309.6,1501,38.0,157,0,0,0,0,0,0
9407,M24266,M,297.7,308.1,2189,15.6,186,0,0,0,0,0,0
6516,L53695,L,301.0,310.0,1480,43.5,21,0,0,0,0,0,0
580,M15439,M,297.8,309.7,1700,31.3,200,0,0,0,0,0,0
8580,M23439,M,297.4,308.1,1620,31.2,143,0,0,0,0,0,0
6959,L54138,L,300.6,311.0,1563,40.7,87,0,0,0,0,0,0
5377,H34790,H,302.8,312.3,1336,57.5,187,0,0,0,0,0,0
5467,M20326,M,302.9,312.3,1426,44.7,157,0,0,0,0,0,0
8942,M23801,M,297.3,308.3,1595,32.2,29,0,0,0,0,0,0
2654,L49833,L,299.9,309.5,1779,26.1,169,0,0,0,0,0,0
3102,H32515,H,299.8,309.0,1467,37.3,193,0,0,0,0,0,0
8517,L55696,L,298.3,309.6,1527,30.9,189,0,0,0,0,0,0
2544,L49723,L,299.3,309.0,1786,23.5,100,0,0,0,0,0,0
3752,L50931,L,302.4,311.1,1520,42.2,143,0,0,0,0,0,0
8098,L55277,L,300.3,311.7,1452,41.5,172,0,0,0,0,0,0
5060,L52239,L,303.9,312.8,1419,47.9,196,0,0,0,0,0,0
7508,L54687,L,300.5,311.9,1750,28.3,207,0,0,0,0,0,0
5105,L52284,L,304.1,313.5,1469,44.6,113,0,0,0,0,0,0
3349,M18208,M,301.3,310.7,1532,40.7,178,0,0,0,0,0,0
7659,M22518,M,300.4,311.6,1359,55.4,160,0,0,0,0,0,0
6967,L54146,L,300.7,311.0,1969,20.7,109,0,0,0,0,0,0
7230,L54409,L,299.8,309.8,1749,33.4,153,0,0,0,0,0,0
1614,L48793,L,297.9,308.0,1296,62.9,41,0,0,0,0,0,0
9692,L56871,L,299.0,310.0,1582,31.9,51,0,0,0,0,0,0
6901,L54080,L,301.0,311.7,1670,31.3,150,0,0,0,0,0,0
9560,L56739,L,299.5,310.9,1496,38.5,162,0,0,0,0,0,0
3508,M18367,M,301.7,310.8,1502,34.4,157,0,0,0,0,0,0
8713,L55892,L,297.2,308.6,1652,32.1,52,0,0,0,0,0,0
3112,L50291,L,300.0,309.2,1759,27.9,5,0,0,0,0,0,0
1258,L48437,L,297.5,308.9,1466,43.0,15,0,0,0,0,0,0
9498,H38911,H,299.1,309.9,1443,40.3,0,0,0,0,0,0,0
363,H29776,H,297.6,308.3,1640,30.9,79,0,0,0,0,0,0
6621,M21480,M,301.6,310.7,1791,23.8,81,0,0,0,0,0,0
8924,M23783,M,297.0,308.1,1363,45.3,196,0,0,0,0,0,0
8903,H38316,H,297.4,308.7,1522,46.3,146,0,0,0,0,0,0
7140,L54319,L,300.6,310.1,1495,42.3,132,0,0,0,0,0,0
7781,L54960,L,300.4,311.6,1815,23.5,49,0,0,0,0,0,0
994,M15853,M,296.1,307.1,1485,36.0,169,0,0,0,0,0,0
1903,L49082,L,298.0,307.6,1694,29.1,169,0,0,0,0,0,0
6258,L53437,L,301.1,310.7,1376,49.1,0,0,0,0,0,0,0
7752,M22611,M,300.4,311.7,1398,42.6,176,0,0,0,0,0,0
7476,H36889,H,300.3,311.6,1339,53.4,123,0,0,0,0,0,0
6175,L53354,L,300.9,310.7,1573,31.2,2,0,0,0,0,0,0
7607,M22466,M,300.4,311.3,1350,56.5,31,0,0,0,0,0,0
781,M15640,M,296.9,308.0,1409,50.7,43,0,0,0,0,0,0
5267,M20126,M,303.4,312.8,1518,38.7,103,0,0,0,0,0,0
9073,H38486,H,297.2,308.1,1770,27.2,140,0,0,0,0,0,0
2320,M17179,M,299.2,308.8,1700,33.5,185,0,0,0,0,0,0
3654,L50833,L,302.1,311.4,1518,37.4,102,0,0,0,0,0,0
5974,L53153,L,300.5,310.8,1354,51.8,157,0,0,0,0,0,0
5340,M20199,M,303.4,312.7,1594,32.8,79,0,0,0,0,0,0
7926,M22785,M,300.7,311.9,1697,28.2,191,0,0,0,0,0,0
3337,L50516,L,301.6,310.8,1535,35.4,148,0,0,0,0,0,0
3192,M18051,M,300.1,309.2,1732,33.7,218,0,0,0,0,0,0
7762,H37175,H,300.4,311.6,1715,30.8,203,0,0,0,0,0,0
1104,M15963,M,296.7,307.4,1540,38.7,45,0,0,0,0,0,0
349,L47528,L,297.6,308.3,1617,31.7,39,0,0,0,0,0,0
8628,L55807,L,297.4,308.3,1347,45.8,43,0,0,0,0,0,0
5442,M20301,M,303.0,312.6,1392,42.9,94,0,0,0,0,0,0
6442,L53621,L,300.7,310.2,1639,31.4,48,0,0,0,0,0,0
802,L47981,L,296.9,307.8,1285,52.1,100,0,0,0,0,0,0
3559,L50738,L,301.7,310.6,1743,26.2,71,0,0,0,0,0,0
5053,L52232,L,303.9,313.0,1433,48.4,178,0,0,0,0,0,0
6871,H36284,H,301.0,311.3,1597,39.2,66,0,0,0,0,0,0
6819,M21678,M,301.0,310.7,1657,29.9,148,0,0,0,0,0,0
1689,L48868,L,297.9,307.4,1606,35.5,14,0,0,0,0,0,0
6083,L53262,L,300.9,310.7,1352,46.4,212,0,0,0,0,0,0
4774,L51953,L,303.6,312.0,1391,50.3,101,0,0,0,0,0,0
24,L47203,L,299.0,309.4,1758,25.7,68,0,0,0,0,0,0
6718,M21577,M,301.4,310.6,1464,48.6,96,0,0,0,0,0,0
8235,L55414,L,299.2,310.6,1534,39.7,83,0,0,0,0,0,0
1423,L48602,L,298.7,309.8,1530,35.5,0,0,0,0,0,0,0
9704,L56883,L,298.9,310.0,1422,43.6,78,0,0,0,0,0,0
1142,L48321,L,297.0,307.9,1635,31.6,147,0,0,0,0,0,0
5260,L52439,L,303.5,312.9,1544,36.9,87,0,0,0,0,0,0
7990,L55169,L,301.1,312.4,1430,37.9,124,0,0,0,0,0,0
5967,L53146,L,300.4,310.8,1396,49.3,142,0,0,0,0,0,0
4128,H33541,H,302.0,310.6,1438,43.2,12,0,0,0,0,0,0
5933,L53112,L,300.5,310.5,1515,36.6,54,0,0,0,0,0,0
5099,L52278,L,304.2,313.4,1475,40.2,98,0,0,0,0,0,0
1217,L48396,L,296.9,308.0,1514,41.0,120,0,0,0,0,0,0
6777,L53956,L,301.3,310.6,1451,47.5,42,0,0,0,0,0,0
5698,L52877,L,302.5,311.9,1354,49.4,117,0,0,0,0,0,0
3918,L51097,L,302.6,311.7,1542,34.1,137,0,0,0,0,0,0
2280,L49459,L,299.4,308.7,1525,39.0,90,0,0,0,0,0,0
5362,L52541,L,303.3,312.7,1643,30.7,142,0,0,0,0,0,0
2298,L49477,L,299.3,308.7,1802,26.0,130,0,0,0,0,0,0
9638,L56817,L,299.2,310.3,1463,38.9,160,0,0,0,0,0,0
2826,L50005,L,300.3,309.4,1470,33.5,148,0,0,0,0,0,0
9185,L56364,L,298.0,309.2,1665,36.6,22,0,0,0,0,0,0
8460,L55639,L,298.7,309.9,1651,29.5,42,0,0,0,0,0,0
9994,L57173,L,298.8,308.4,1401,47.3,10,0,0,0,0,0,0
9049,M23908,M,297.3,308.4,1370,50.5,71,0,0,0,0,0,0
5233,L52412,L,303.6,312.9,1381,57.8,27,0,0,0,0,0,0
7303,L54482,L,300.1,310.5,1494,44.2,117,0,0,0,0,0,0
1624,L48803,L,297.7,307.6,1921,22.9,68,0,0,0,0,0,0
9240,H38653,H,298.2,308.8,1436,51.9,153,0,0,0,0,0,0
2476,L49655,L,298.9,308.5,1459,43.1,147,0,0,0,0,0,0
5655,L52834,L,302.3,311.6,1544,34.3,0,0,0,0,0,0,0
9583,M24442,M,299.3,310.5,1404,47.5,12,0,0,0,0,0,0
6853,H36266,H,301.0,311.2,1602,32.7,19,0,0,0,0,0,0
8481,L55660,L,298.4,309.6,1477,35.6,101,0,0,0,0,0,0
6650,M21509,M,301.5,310.4,1350,54.9,153,0,0,0,0,0,0
5064,H34477,H,304.0,312.9,1495,46.6,0,0,0,0,0,0,0
5293,M20152,M,303.9,313.3,1567,35.0,168,0,0,0,0,0,0
2660,H32073,H,299.8,309.3,1595,32.1,183,0,0,0,0,0,0
585,H29998,H,297.6,309.6,1419,48.2,215,0,0,0,0,0,0
1516,M16375,M,298.2,308.9,1614,35.5,15,0,0,0,0,0,0
2410,L49589,L,299.1,308.5,1539,46.8,190,0,0,0,0,0,0
6219,H35632,H,301.0,310.6,1366,50.6,106,0,0,0,0,0,0
7601,M22460,M,300.4,311.0,1595,35.4,15,0,0,0,0,0,0
4508,L51687,L,302.4,310.1,1709,31.8,100,0,0,0,0,0,0
7830,L55009,L,299.8,311.2,1664,28.3,173,0,0,0,0,0,0
1697,L48876,L,297.9,307.6,1550,39.0,35,0,0,0,0,0,0
2978,L50157,L,300.4,309.3,1413,50.3,101,0,0,0,0,0,0
299,H29712,H,297.9,308.5,2129,18.7,126,0,0,0,0,0,0
5992,L53171,L,300.7,310.7,1416,40.4,214,0,0,0,0,0,0
4722,L51901,L,303.5,311.8,1927,21.9,195,0,0,0,0,0,0
1279,L48458,L,298.2,309.4,1398,52.9,79,0,0,0,0,0,0
7148,L54327,L,300.3,309.8,1466,41.2,156,0,0,0,0,0,0
5725,L52904,L,302.3,311.8,1433,50.3,183,0,0,0,0,0,0
605,L47784,L,297.9,309.9,1542,33.8,33,0,0,0,0,0,0
7761,M22620,M,300.4,311.7,1511,33.0,200,0,0,0,0,0,0
656,L47835,L,297.7,309.1,1435,38.8,165,0,0,0,0,0,0
176,L47355,L,298.2,308.1,1382,43.5,37,0,0,0,0,0,0
280,L47459,L,298.0,308.1,1819,23.4,78,0,0,0,0,0,0
3661,L50840,L,302.3,311.6,1398,49.1,119,0,0,0,0,0,0
329,H29742,H,297.6,308.4,1703,31.4,205,0,0,0,0,0,0
6534,L53713,L,301.3,310.7,1504,47.2,74,0,0,0,0,0,0
1571,L48750,L,298.2,308.4,1452,43.5,158,0,0,0,0,0,0
257,L47436,L,298.1,308.3,1331,63.0,13,0,0,0,0,0,0
6944,L54123,L,300.7,311.3,1522,35.2,48,0,0,0,0,0,0
7334,M22193,M,299.9,310.4,1367,53.3,201,0,0,0,0,0,0
52,L47231,L,298.9,309.1,1383,54.9,145,0,0,0,0,0,0
1560,L48739,L,298.2,308.3,1458,41.8,132,0,0,0,0,0,0
3003,M17862,M,300.5,309.8,1555,38.9,166,0,0,0,0,0,0
1495,M16354,M,298.0,308.7,1377,48.5,181,0,0,0,0,0,0
7365,L54544,L,299.5,309.9,1402,51.7,58,0,0,0,0,0,0
9818,M24677,M,298.5,309.3,1465,42.4,173,0,0,0,0,0,0
2361,H31774,H,299.2,308.4,1388,53.2,59,0,0,0,0,0,0
9007,L56186,L,297.3,307.9,1417,41.8,186,0,0,0,0,0,0
5953,L53132,L,300.7,310.8,1563,33.8,104,0,0,0,0,0,0
1331,L48510,L,298.9,310.2,1696,30.2,214,0,0,0,0,0,0
2350,M17209,M,299.3,308.5,1386,42.2,30,0,0,0,0,0,0
7842,L55021,L,300.1,311.5,1471,47.2,201,0,0,0,0,0,0
6964,H36377,H,300.7,311.0,1981,19.9,99,0,0,0,0,0,0
7113,L54292,L,300.9,310.4,1427,47.0,65,0,0,0,0,0,0
7438,L54617,L,299.8,311.3,1727,30.0,24,0,0,0,0,0,0
8870,L56049,L,297.9,309.0,1528,37.5,54,0,0,0,0,0,0
6850,L54029,L,301.1,311.3,1498,37.6,11,0,0,0,0,0,0
2717,L49896,L,299.5,309.0,1498,44.6,101,0,0,0,0,0,0
609,L47788,L,298.0,309.9,1403,47.7,43,0,0,0,0,0,0
9813,M24672,M,298.2,309.1,1411,45.8,157,0,0,0,0,0,0
463,L47642,L,297.4,308.7,1433,43.4,116,0,0,0,0,0,0
1333,L48512,L,299.0,310.3,1868,24.0,221,0,0,0,0,0,0
9385,M24244,M,297.6,308.1,1379,57.4,122,0,0,0,0,0,0
6286,M21145,M,301.2,310.7,1426,46.1,67,0,0,0,0,0,0
4169,L51348,L,302.2,310.6,1632,30.5,122,0,0,0,0,0,0
2290,L49469,L,299.4,308.7,1504,37.8,112,0,0,0,0,0,0
3134,H32547,H,300.2,309.6,1442,49.2,61,0,0,0,0,0,0
2190,H31603,H,299.7,309.2,1554,41.6,62,0,0,0,0,0,0
6985,M21844,M,300.7,311.0,1706,25.0,153,0,0,0,0,0,0
5076,L52255,L,304.1,313.2,1366,46.6,35,0,0,0,0,0,0
4163,L51342,L,302.0,310.4,1591,29.8,105,0,0,0,0,0,0
332,M15191,M,297.6,308.4,1391,51.9,218,0,0,0,0,0,0
1859,M16718,M,297.8,307.4,1488,36.1,57,0,0,0,0,0,0
1821,L49000,L,298.1,307.5,1493,43.7,153,0,0,0,0,0,0
7668,L54847,L,300.6,311.7,1528,43.9,185,0,0,0,0,0,0
4054,M18913,M,301.9,310.9,2305,16.1,42,0,0,0,0,0,0
1189,L48368,L,297.3,308.4,1339,52.1,36,0,0,0,0,0,0
1553,L48732,L,298.5,308.9,1781,27.8,113,0,0,0,0,0,0
4667,M19526,M,303.3,311.5,1569,36.6,47,0,0,0,0,0,0
1412,L48591,L,298.9,310.1,1944,23.4,192,0,0,0,0,0,0
7299,L54478,L,300.1,310.5,1532,36.0,109,0,0,0,0,0,0
5605,L52784,L,302.9,312.2,1513,37.8,92,0,0,0,0,0,0
8423,H37836,H,298.9,310.3,1243,63.0,163,0,0,0,0,0,0
5363,L52542,L,303.2,312.6,1281,57.0,144,0,0,0,0,0,0
2983,L50162,L,300.5,309.5,1795,27.7,117,0,0,0,0,0,0
287,L47466,L,298.2,308.3,1589,33.2,94,0,0,0,0,0,0
5836,L53015,L,301.3,311.2,1668,30.1,18,0,0,0,0,0,0
4560,L51739,L,302.7,310.7,1433,43.7,13,0,0,0,0,0,0
1811,L48990,L,298.1,307.6,1364,53.8,129,0,0,0,0,0,0
2680,L49859,L,299.8,309.5,1476,44.4,14,0,0,0,0,0,0
3706,M18565,M,302.0,311.3,1725,27.7,23,0,0,0,0,0,0
8840,M23699,M,297.4,308.9,1376,39.0,181,0,0,0,0,0,0
2831,M17690,M,300.4,309.3,1411,41.6,160,0,0,0,0,0,0
7015,H36428,H,300.5,310.5,1403,47.7,24,0,0,0,0,0,0
7008,L54187,L,300.5,310.6,1499,45.2,8,0,0,0,0,0,0
4891,L52070,L,303.7,312.4,1525,43.9,188,0,0,0,0,0,0
7039,L54218,L,300.7,310.6,1654,34.2,89,0,0,0,0,0,0
8056,H37469,H,300.2,311.6,1496,41.1,60,0,0,0,0,0,0
6089,L53268,L,300.9,310.8,1476,39.0,10,0,0,0,0,0,0
8188,L55367,L,299.6,310.9,1448,46.3,196,0,0,0,0,0,0
7686,L54865,L,300.8,311.7,1397,43.5,227,0,0,0,0,0,0
9265,M24124,M,298.3,309.0,1526,36.9,20,0,0,0,0,0,0
7847,M22706,M,300.2,311.6,1608,35.0,212,0,0,0,0,0,0
8412,L55591,L,298.6,309.8,1496,37.7,134,0,0,0,0,0,0
3768,L50947,L,302.3,311.1,1630,35.6,183,0,0,0,0,0,0
3954,M18813,M,302.3,311.4,1484,39.5,22,0,0,0,0,0,0
9789,M24648,M,298.5,309.5,1535,39.8,87,0,0,0,0,0,0
1949,L49128,L,298.1,308.1,1410,45.8,71,0,0,0,0,0,0
3135,L50314,L,300.2,309.6,1359,51.5,66,0,0,0,0,0,0
8425,L55604,L,299.1,310.6,1380,44.7,170,0,0,0,0,0,0
4227,L51406,L,302.1,310.8,1596,37.1,43,0,0,0,0,0,0
9921,H39334,H,298.5,308.7,1450,43.9,28,0,0,0,0,0,0
3714,L50893,L,302.3,311.5,1565,35.6,41,0,0,0,0,0,0
491,L47670,L,297.4,309.2,1459,37.9,191,0,0,0,0,0,0
1348,L48527,L,298.7,310.2,1717,27.3,26,0,0,0,0,0,0
8174,H37587,H,299.9,311.4,1497,37.0,162,0,0,0,0,0,0
7572,L54751,L,300.3,311.1,1606,30.9,156,0,0,0,0,0,0
2168,H31581,H,299.6,309.1,1588,41.3,0,0,0,0,0,0,0
6644,M21503,M,301.5,310.5,1308,60.5,139,0,0,0,0,0,0
3463,H32876,H,301.6,310.5,1786,27.1,35,0,0,0,0,0,0
4625,M19484,M,303.0,311.1,1428,39.8,181,0,0,0,0,0,0
7989,L55168,L,301.1,312.3,1486,34.9,122,0,0,0,0,0,0
3962,M18821,M,302.2,311.4,1642,32.1,42,0,0,0,0,0,0
3155,L50334,L,300.4,309.7,1534,42.5,127,0,0,0,0,0,0
9037,L56216,L,297.3,308.3,1519,37.7,45,0,0,0,0,0,0
3094,L50273,L,300.0,309.3,1397,51.2,173,0,0,0,0,0,0
5630,L52809,L,302.7,312.2,1405,51.4,157,0,0,0,0,0,0
8553,L55732,L,298.2,309.1,1467,44.5,80,0,0,0,0,0,0
692,L47871,L,297.7,309.1,1563,39.3,56,0,0,0,0,0,0
6918,L54097,L,301.0,311.4,1481,37.5,193,0,0,0,0,0,0
1045,L48224,L,296.5,307.6,1512,43.6,92,0,0,0,0,0,0
2453,M17312,M,299.1,308.6,2329,14.6,95,0,0,0,0,0,0
643,M15502,M,297.8,309.4,1226,58.7,129,0,0,0,0,0,0
2209,H31622,H,299.8,309.2,1435,42.6,111,0,0,0,0,0,0
3169,M18028,M,300.4,309.6,1614,30.3,161,0,0,0,0,0,0
2945,L50124,L,300.7,309.6,1505,34.9,7,0,0,0,0,0,0
7563,M22422,M,300.3,311.1,1350,58.7,130,0,0,0,0,0,0
3662,M18521,M,302.3,311.7,1639,36.6,121,0,0,0,0,0,0
1523,H30936,H,298.2,309.0,1562,37.7,36,0,0,0,0,0,0
600,H30013,H,297.7,309.7,1616,31.1,20,0,0,0,0,0,0
2819,L49998,L,300.2,309.5,1729,28.4,131,0,0,0,0,0,0
2505,L49684,L,299.2,309.1,1468,45.6,2,0,0,0,0,0,0
3746,L50925,L,302.6,311.4,1738,25.8,128,0,0,0,0,0,0
2189,L49368,L,299.7,309.3,1420,44.1,60,0,0,0,0,0,0
1454,L48633,L,299.1,310.4,1450,40.9,85,0,0,0,0,0,0
80,L47259,L,298.8,308.9,1402,37.9,2,0,0,0,0,0,0
4947,M19806,M,303.7,312.7,1669,31.7,120,0,0,0,0,0,0
3288,M18147,M,301.2,310.1,1558,32.6,34,0,0,0,0,0,0
9618,L56797,L,299.0,310.2,1516,35.3,102,0,0,0,0,0,0
8224,L55403,L,299.1,310.5,1329,54.9,58,0,0,0,0,0,0
611,L47790,L,298.1,310.0,1534,33.7,47,0,0,0,0,0,0
8700,M23559,M,297.3,308.7,1655,34.1,21,0,0,0,0,0,0
6662,M21521,M,301.3,310.4,1501,39.8,187,0,0,0,0,0,0
1808,L48987,L,298.0,307.6,1654,28.9,123,0,0,0,0,0,0
5339,M20198,M,303.3,312.5,1674,32.7,76,0,0,0,0,0,0
5416,M20275,M,302.6,312.4,1410,50.3,33,0,0,0,0,0,0
5186,L52365,L,304.0,313.0,2012,21.1,115,0,0,0,0,0,0
3382,L50561,L,301.3,310.6,1376,47.6,45,0,0,0,0,0,0
5029,M19888,M,303.9,313.2,1630,29.3,104,0,0,0,0,0,0
4263,L51442,L,302.6,311.0,2001,20.7,137,0,0,0,0,0,0
6469,L53648,L,300.5,309.8,1507,42.5,117,0,0,0,0,0,0
7748,M22607,M,300.5,311.8,1331,55.3,167,0,0,0,0,0,0
2452,L49631,L,299.2,308.7,1650,30.5,93,0,0,0,0,0,0
2949,L50128,L,300.7,309.5,1850,24.5,19,0,0,0,0,0,0
3870,L51049,L,302.7,311.7,1480,45.2,8,0,0,0,0,0,0
7644,H37057,H,300.4,311.4,1427,50.7,122,0,0,0,0,0,0
7020,L54199,L,300.8,310.8,1741,27.1,39,0,0,0,0,0,0
8456,L55635,L,298.6,309.9,1356,59.5,34,0,0,0,0,0,0
956,L48135,L,295.6,306.3,1911,20.9,74,0,0,0,0,0,0
2611,H32024,H,299.4,309.1,1547,40.9,50,0,0,0,0,0,0
8664,L55843,L,297.5,308.6,1671,29.4,136,0,0,0,0,0,0
4085,L51264,L,302.0,310.4,1611,35.6,117,0,0,0,0,0,0
4245,L51424,L,302.4,310.9,1469,39.6,86,0,0,0,0,0,0
3412,L50591,L,301.3,310.3,1419,55.7,125,0,0,0,0,0,0
9225,L56404,L,297.9,309.0,1450,46.8,118,0,0,0,0,0,0
8585,L55764,L,297.4,307.9,1390,47.7,156,0,0,0,0,0,0
8281,L55460,L,298.8,310.6,1602,39.1,211,0,0,0,0,0,0
8082,L55261,L,300.2,311.6,1356,53.5,132,0,0,0,0,0,0
3626,M18485,M,302.1,311.4,1467,43.4,33,0,0,0,0,0,0
4861,M19720,M,303.6,312.4,1504,49.5,109,0,0,0,0,0,0
7864,M22723,M,300.5,311.9,1511,44.5,30,0,0,0,0,0,0
982,L48161,L,296.2,306.8,1655,31.1,136,0,0,0,0,0,0
6242,L53421,L,301.1,310.5,1324,52.4,171,0,0,0,0,0,0
6225,L53404,L,301.2,311.0,1612,32.9,129,0,0,0,0,0,0
97,M14956,M,299.0,309.0,1575,35.3,47,0,0,0,0,0,0
1998,L49177,L,298.3,308.1,1672,41.3,0,0,0,0,0,0,0
4209,M19068,M,302.3,310.9,1627,32.3,0,0,0,0,0,0,0
1099,M15958,M,296.9,307.4,1521,37.9,27,0,0,0,0,0,0
4604,H34017,H,302.9,311.0,1452,58.3,123,0,0,0,0,0,0
5471,M20330,M,302.7,312.2,1585,35.5,167,0,0,0,0,0,0
3163,L50342,L,300.5,309.9,1480,40.0,148,0,0,0,0,0,0
